Symbol,Headline
ABB.NS,ABB launches high-efficiency power conversion solutions for solar and storage - ABB
ABB.NS,ABB’s Baldor-Reliance SP4 HVAC Motor Wins Gold at Plant Engineering 2026 Awards - Machine Maker
ABB.NS,ABB Robotics recognized as a 2026 Ford Supplier of the Year at the Ford Supplier Awards & Summit - A3 Association for Advancing Automation
ABB.NS,ABB launches first Extension Pack for flagship DCS with web-based operations - Process and Control Today
ABB.NS,"IDNTT Completes Settlement Of ABB, 1.55 Mln New Shares Subscribed - TradingView"
ACMESOLAR.NS,"ACME Solar Subsidiary Secures ICRA-AA-(Stable) Rating For ₹1,253 Crore Credit Facilities - SolarQuarter"
ACMESOLAR.NS,"Acme Solar shares rise 2% on raising Rs 2,800 crore via QIP route - TradingView"
ACMESOLAR.NS,ACME Solar Holdings Limited Just Recorded A 34% EPS Beat: Here's What Analysts Are Forecasting Next - simplywall.st
ACMESOLAR.NS,"ACME Solar raises ₹2,800 crore via QIP, shares hit 52-week high - BusinessLine"
ACMESOLAR.NS,ACME Solar share price jumps 3% as firm launches QIP at ₹294.13 floor price - Mint
AIAENG.NS,AIA Engineering's (NSE:AIAENG) Earnings Are Of Questionable Quality - simplywall.st
AIAENG.NS,AIAENG: Record profits and a major mining solution win position the company for long-term growth - TradingView
AIAENG.NS,AIA Engineering Limited Just Beat Earnings Expectations: Here's What Analysts Think Will Happen Next - simplywall.st
AIAENG.NS,"AIAENG: Strong Q4 results with high margins, rising sales, and a healthy order book for FY 2025-26 - TradingView"
AIAENG.NS,"Larsen & Toubro falls Monday, underperforms market - MarketWatch"
AARTIIND.NS,Aarti Industries Limited's (NSE:AARTIIND) Price In Tune With Earnings - simplywall.st
AARTIIND.NS,"Aurionpro, Westlife, Aarti Ind among Anand James top stock picks today - Business Standard"
AARTIIND.NS,Aarti Industries March-Quarter Net Profit 1.47 Billion Rupees - TradingView
AARTIIND.NS,"Waaree Energies, Aarti Ind, others: Stocks of renewable energy majors, chemical manufacturers rise up to... - Moneycontrol.com"
AARTIIND.NS,Aarti Industries (NSE:AARTIIND) Has A Somewhat Strained Balance Sheet - simplywall.st
ACUTAAS.NS,Acutaas Chemicals: A compelling business at an unforgiving price - Value Research
ACUTAAS.NS,"Acutaas Chemicals - FIIs turn buyers after two quarters of selling; 15 stocks rally up to 265%, 6 turn multibaggers - The Economic Times"
ACUTAAS.NS,Acutaas Chemicals: The specialty chemicals story the market is re-rating fast - The Indian Express
ACUTAAS.NS,Acutaas Chemicals' (NSE:ACUTAAS) Earnings Are Of Questionable Quality - simplywall.st
ACUTAAS.NS,Acutaas Chemicals (ACUTAAS) Q3 24/25 earnings summary - Quartr
ADANIENT.NS,"ADANIENT Outlook for the Week (June 22, 2026 – June 26, 2026) - Equitypandit"
ADANIENT.NS,Key facts: ADANIENT loss ₹220.7cr;AdaniConnex Madhuvanti ₹765.25cr - TradingView
ADANIENT.NS,We Believe Adani Enterprises' (NSE:ADANIENT) Earnings Are A Poor Guide For Its Profitability - simplywall.st
ADANIENT.NS,"Dividend, stock split, bonus issue this week: Infosys, Adani Ent, Trent, Tata Elxsi, among others in focus - Upstox"
ADANIENT.NS,"Stocks To Watch Today: Infosys, ADANIENT, Waaree | 11 Mar - Samco"
ADANIGREEN.NS,ADANI GREEN ENERGY Share Price Today Down 3% - Equitymaster
ADANIGREEN.NS,Adani Green Energy - Jefferies picks 9 power stocks with upside potential of up to 31%. How many do you own? - The Economic Times
ADANIGREEN.NS,Adani Green Energy commissions the world's largest single-location battery energy storage system* of 3.37 GWh; strengthens reliable and clean power access - Adani Green Energy Limited ☀
ADANIGREEN.NS,"Waaree Energies, Adani Green, Suzlon Energy, NTPC Green: Here's how renewable energy stocks are performing on June 18 - Upstox"
ADANIGREEN.NS,Adani Green Seeks $1 Billion Offshore Loan After US Settlement - Bloomberg.com
ADANIPOWER.NS,ADANIPOWER 30 Jun 26 Future Research Recommendation - HDFC Sky
ADANIPOWER.NS,"Adani Power, Acme Solar, IEX, JSW Energy, NTPC, Power Grid shares: Antique's top 2 picks, target prices - Business Today"
ADANIPOWER.NS,"Five Stocks To Buy: Adani Power, Kaynes, Hindalco And More | June 19, 2026 - NDTV Profit"
ADANIPOWER.NS,Adani Power receives LoA for 558 MW PPA - Adani
ADANIPOWER.NS,"Adani Energy Solutions, Adani Power Set for over 20% growth as transmission and thermal capex ramp up: Jeffe.. - ET EnergyWorld"
ABSLAMC.NS,"ABSLAMC: FY26 revenue and profit rose, dividend of ₹25.50/share proposed, Gift City business transferred - TradingView"
ABSLAMC.NS,"₹1,077 - That's What Analysts Think Aditya Birla Sun Life AMC Limited (NSE:ABSLAMC) Is Worth After These Results - simplywall.st"
ABSLAMC.NS,"ABSLAMC Q4 Profit Falls 18%, Shares Rise on Revenue Strength - HDFC Sky"
ABSLAMC.NS,ABSL AMC Launches Apex Hybrid Long-Short Fund - fintechbiznews.com
ABSLAMC.NS,Aditya Birla Sun Life Q4 results: Profit falls 18% to ₹187 crore; ₹25.5/share final dividend declared - Upstox
AEGISLOG.NS,Analysts Just Made A Substantial Upgrade To Their Aegis Logistics Limited (NSE:AEGISLOG) Forecasts - simplywall.st
AEGISLOG.NS,"AEGISLOG: Record FY 2026 results with strong growth, robust margins, and major expansion plans - TradingView"
AEGISLOG.NS,"AEGISLOG: Record FY 2026 results with strong LPG growth, robust margins, and major expansion plans ahead - TradingView"
AEGISLOG.NS,Private companies are Aegis Logistics Limited's (NSE:AEGISLOG) biggest owners and were hit after market cap dropped ₹7.6b - simplywall.st
AEGISLOG.NS,Aegis Logistics Shares Dip 2.27% on ₹701 Cr HALPG Stake Sale - HDFC Sky
AJANTPHARM.NS,We Think That There Are Some Issues For Ajanta Pharma (NSE:AJANTPHARM) Beyond Its Promising Earnings - simplywall.st
AJANTPHARM.NS,"AJANTPHARM: Strong FY26 growth in revenue, profit, and margins, with India and US generics leading - TradingView"
AJANTPHARM.NS,"HOT STOCKS: SUPRIYA Hits All-Time High; ICIL, WOCKPHARMA, TMB Lead Gainers | IOLCP, APARINDS, INDIANB, PGIL Among Top Losers | AJANTPHARM, ANURAS Close Above 50-SMA; FINCABLES, JBCHEPHARM, TORNTPHARM Near Key Average - MarketSmith India"
AJANTPHARM.NS,Getting In Cheap On Ajanta Pharma Limited (NSE:AJANTPHARM) Is Unlikely - simplywall.st
AJANTPHARM.NS,India's Ajanta Pharma promoter sells stake worth about 10.24 billion rupees - TradingView
ANANDRATHI.NS,Subscribe for CSM Technologies Ltd IPO; Anand Rathi - Moneycontrol.com
ANANDRATHI.NS,Indian entertainment is structurally shifting: Anand Rathi - CNBC
ANANDRATHI.NS,Subscribe for Advit Jewels Ltd IPO; Anand Rathi - TradingView
ANANDRATHI.NS,"Stocks to buy for short term: Trent, Eternal among 3 shares Anand Rathi's Jigar Patel recommends for next 1-2 weeks - Mint"
ANANDRATHI.NS,Anand Rathi Wealth (ANANDRATHI) Q4 24/25 earnings summary - Quartr
ANGELONE.NS,"Tech3 | Decoding HCLTech's Sarvam bet; Groww, Zerodha, AngelOne, Upstox get nod for US stocks; and more - LinkedIn"
ANGELONE.NS,Angel One Appoints Ajit Narayanan as Chief Technology Officer - hrtoday.in
ANGELONE.NS,"Groww, Zerodha, Angel One, Upstox get GIFT City nod for international investing - Moneycontrol.com"
ANGELONE.NS,Angel One analyst flags 'Doji' pattern on Nifty; recommends these 2 stocks - Business Standard
ANGELONE.NS,Buy Angel One; target of Rs 400: Motilal Oswal - TradingView
APARINDS.NS,APAR Industries (APARINDS) Q2 25/26 earnings summary - Quartr
APARINDS.NS,Apar Industries Ltd Says Unit Signs Agreement With Saudi Aramco Base Oil Company - TradingView
APARINDS.NS,APAR Industries (APARINDS) Q2 24/25 earnings summary - Quartr
APARINDS.NS,APAR Industries Limited (NSE:APARINDS) Just Reported And Analysts Have Been Lifting Their Price Targets - simplywall.st
APARINDS.NS,"HOT STOCKS: CARYSIL Hits All-Time High; NIACL, KPRMILL, STARHEALTH, ICIL Lead Gainers; CENTUM, VBL, NBCC, APARINDS Among Top Losers While BEL, DMART, LUPIN Climb Above 50-SMA - MarketSmith India"
APOLLOHOSP.NS,APOLLO HOSPITALS ENTER. L Share Price Today - Live APOLLOHOSP Stock Price for NSE/BSE - Upstox
APOLLOHOSP.NS,"APOLLOHOSP Outlook for the Week (June 22, 2026 – June 26, 2026) - Equitypandit"
APOLLOHOSP.NS,NSE:APOLLOHOSP Chart Image by AhmedabadTradebulls - TradingView
APOLLOHOSP.NS,Could The Market Be Wrong About Apollo Hospitals Enterprise Limited (NSE:APOLLOHOSP) Given Its Attractive Financial Prospects? - simplywall.st
APOLLOHOSP.NS,Apollo Hospitals (APOLLOHOSP) Investor Presentation Summary - Quartr
AUROPHARMA.NS,"AUROPHARMA Outlook for the Week (June 22, 2026 – June 26, 2026) - Equitypandit"
AUROPHARMA.NS,"Aurobindo Pharma Limited (NSE:AUROPHARMA) Released Earnings Last Week And Analysts Lifted Their Price Target To ₹1,466 - simplywall.st"
AUROPHARMA.NS,"AUROPHARMA: Revenue and profit grew modestly, with strategic investments and global expansion highlighted - TradingView"
AUROPHARMA.NS,How The Aurobindo Pharma (NSEI:AUROPHARMA) Valuation Story Is Shifting Around Margins And Risk - Yahoo Finance
AUROPHARMA.NS,"Voltas, Auro Pharma, Federal Bank: Stocks to trade— Check price targets, stop loss & more - Business Today"
MAHABANK.NS,"Bank of Maharashtra (NSE:MAHABANK) most popular amongst state or government who own 74% of the shares, institutions hold 16% - simplywall.st"
MAHABANK.NS,"Bank of Maharashtra Q4 results 2026, dividend amount announcement date and time - MAHABANK quarterly earnings schedule - Business Today"
MAHABANK.NS,Bank of Maharashtra Dividend Signal; Shares Rise 2.87% - HDFC Sky
MAHABANK.NS,Bank of Maharashtra hits 52-week high on strong Q4; HDFC Sec retains 'Buy' - Business Standard
MAHABANK.NS,Bank of Maharashtra Declares 10% Interim Dividend for FY26 - HDFC Sky
BELRISE.NS,Belrise shares jump 8% to hit 52-week high as diversification remains in focus; here's what analysts say - Upstox
BELRISE.NS,"Infosys, State Bank of India, Tata Motors PV, Cognizant, Belrise Industries And More On Brokerages' Radar - NDTV Profit"
BELRISE.NS,Stocks to Buy: This auto parts maker is already up 137% from its IPO price and HSBC sees further upside - CNBC TV18
BELRISE.NS,"If EPS Growth Is Important To You, Belrise Industries (NSE:BELRISE) Presents An Opportunity - simplywall.st"
BELRISE.NS,From scooter frames to satellite parts: Belrise’s quiet push into the global aerospace supply chain - The Indian Express
BHARATFORG.NS,"BHARATFORG Outlook for the Week (June 22, 2026 – June 26, 2026) - Equitypandit"
BHARATFORG.NS,Bharat Forge (NSE:BHARATFORG) Will Pay A Smaller Dividend Than Last Year - simplywall.st
BHARATFORG.NS,Bharat Forge Signs 4.25 Billion Rupees Contract For Gas Turbine Generators To Indian Navy - TradingView
BHARATFORG.NS,BHARATFORG 30 Jun 26 Future Research Recommendation - HDFC Sky
BHARATFORG.NS,Bharat Forge's (NSE:BHARATFORG) Solid Earnings May Rest On Weak Foundations - simplywall.st
BHEL.NS,"Centre puts BHEL, SAIL on one-year notice, reviews 'Maharatna' status - Business Standard"
BHEL.NS,BHEL secures order worth ₹90 crore from Damodar Valley Corporation; shares trade in the red - Upstox
BHEL.NS,"BHEL, SAIL at risk of losing Maharatna tag - The Economic Times"
BHEL.NS,"BHEL bags over ₹21,000 crore EPC contract for 2,400 MW Meja thermal power project - ET EnergyWorld"
BHEL.NS,"BHEL, Coal India investing Rs 25,000 crore in Odisha coal gasification project: G Kishan Reddy - Moneycontrol.com"
CGPOWER.NS,CG Power and Industrial Solutions' (NSE:CGPOWER) Solid Earnings May Rest On Weak Foundations - simplywall.st
CGPOWER.NS,"CG Power's growth momentum strong, but valuation comfort missing: Sandip Sabharwal - The Economic Times"
CGPOWER.NS,CG Power shares in focus on commissioning EHV switchgear manufacturing facility in Nashik - Upstox
CGPOWER.NS,CG Power shares up 7% on winning Rs 900 crore US data centre order - TradingView
CGPOWER.NS,CG Power commissions a new Extra High-Voltage switchgear manufacturing facility at Nashik - ProjectsMonitor
CAPLIPOINT.NS,"Caplin Point Laboratories Limited (NSE:CAPLIPOINT) Looks Like A Good Stock, And It's Going Ex-Dividend Soon - simplywall.st"
CAPLIPOINT.NS,"CAPLIPOINT: FY26 revenue up 13.2% and PAT up 20.1%, with robust cash reserves and no debt - TradingView"
CAPLIPOINT.NS,Caplin Point Laboratories Limited's (NSE:CAPLIPOINT) Share Price Not Quite Adding Up - simplywall.st
CAPLIPOINT.NS,Caplin Point Laboratories March-Quarter Consol Net Profit 1.7 Bln Rupees - TradingView
CAPLIPOINT.NS,Caplin Point Laboratories Limited's (NSE:CAPLIPOINT) Stock Has Been Sliding But Fundamentals Look Strong: Is The Market Wrong? - simplywall.st
CARBORUNIV.NS,CARBORUNDUM UNIVERSAL LTD Share Price Today - Live CARBORUNIV Stock Price for NSE/BSE - Upstox
CARBORUNIV.NS,Returns On Capital At Carborundum Universal (NSE:CARBORUNIV) Paint A Concerning Picture - simplywall.st
CARBORUNIV.NS,Carborundum Universal Limited (CARBORUNIV) stock price prediction 2026–2030 - Bitget
CARBORUNIV.NS,Are Carborundum Universal Limited's (NSE:CARBORUNIV) Mixed Financials Driving The Negative Sentiment? - simplywall.st
CARBORUNIV.NS,Carborundum Q1 Profit Falls 47%; CFO Resigns Amid Slump - HDFC Sky
CEMPRO.NS,CEMPRO Stock Price and Chart — NSE:CEMPRO - TradingView
CEMPRO.NS,Earnings Update: Cemindia Projects Limited (NSE:CEMPRO) Just Reported And Analysts Are Trimming Their Forecasts - simplywall.st
CEMPRO.NS,CEMINDIA PROJECTS LIMITED Share Price Today - Live CEMPRO Stock Price for NSE/BSE - Upstox
CEMPRO.NS,Cemindia Projects Limited | Stock Share Price Live - MarketSmith India
CEMPRO.NS,There's A Lot To Like About Cemindia Projects' (NSE:CEMPRO) Upcoming ₹3.00 Dividend - simplywall.st
CUMMINSIND.NS,Cummins India's (NSE:CUMMINSIND) Solid Earnings May Rest On Weak Foundations - simplywall.st
CUMMINSIND.NS,"CUMMINSIND: Sales and profit rose sharply in FY 2026, led by data center demand and strong domestic growth - TradingView"
CUMMINSIND.NS,Cummins India Limited (NSE:CUMMINSIND) Just Reported And Analysts Have Been Lifting Their Price Targets - simplywall.st
CUMMINSIND.NS,"CUMMINSIND: FY 2025-26 saw robust profit growth, higher dividends, and notable one-time items - TradingView"
CUMMINSIND.NS,Cummins India Ltd. Share Price Today - Cummins India Ltd. Stock Price Live NSE/BSE - CNBC TV18
DATAPATTNS.NS,Concerns Surrounding Data Patterns (India)'s (NSE:DATAPATTNS) Performance - simplywall.st
DATAPATTNS.NS,"DATAPATTNS: FY 2025-26 saw robust profit growth, higher revenue, and a Rs. 10 dividend per share - TradingView"
DATAPATTNS.NS,"If EPS Growth Is Important To You, Data Patterns (India) (NSE:DATAPATTNS) Presents An Opportunity - simplywall.st"
DATAPATTNS.NS,Data Patterns (India) Limited (DATAPATTNS) stock price prediction 2026–2030 - Bitget
DATAPATTNS.NS,Data Patterns (India) Ltd. Share Price Today - Data Patterns (India) Ltd. Stock Price Live NSE/BSE - CNBC TV18
DEEPAKFERT.NS,"DEEPAKFERT: Q4 FY26 revenue rose 13% YoY, but PAT fell 50% YoY amid margin pressures and capex expansion - TradingView"
DEEPAKFERT.NS,A Look At The Intrinsic Value Of Deepak Fertilisers And Petrochemicals Corporation Limited (NSE:DEEPAKFERT) - simplywall.st
DEEPAKFERT.NS,Is Deepak Fertilisers And Petrochemicals (NSE:DEEPAKFERT) A Risky Investment? - simplywall.st
DEEPAKFERT.NS,Deepak Fertilisers & Petrochemicals Corporation Ltd. Share Price Live Today - CNBC TV18
DEEPAKFERT.NS,"DEEPAKFERT: Revenue up 12% YoY, but margins and profit declined; 100% dividend recommended - TradingView"
ELGIEQUIP.NS,Number of shareholders of ELGI Equipments Limited – NSE:ELGIEQUIP - TradingView
ELGIEQUIP.NS,Investors Should Be Encouraged By Elgi Equipments' (NSE:ELGIEQUIP) Returns On Capital - simplywall.st
ELGIEQUIP.NS,"ELGIEQUIP: Q4 FY26 saw 12% revenue growth and stronger margins, with net cash rising to INR 6,207 Mn - TradingView"
ELGIEQUIP.NS,Elgi Equipments (NSE:ELGIEQUIP) shareholders have earned a 32% CAGR over the last five years - simplywall.st
ELGIEQUIP.NS,Here's Why Elgi Equipments (NSE:ELGIEQUIP) Has Caught The Eye Of Investors - simplywall.st
EMCURE.NS,"Emcure Pharma climbs after foreign brokerage reiterates Buy call, lifts target - Business Standard"
EMCURE.NS,EMCURE PHARMACEUTICALS LTD. Share Price Today Up 6% - Equitymaster
EMCURE.NS,"Stock Picks Today: Zee Entertainment, Blue Star, Meesho, Tech Mahindra, And More On Brokerages' Radar - NDTV Profit"
EMCURE.NS,Emcure and Roche sign distribution agreement to strengthen nephrology and transplant care in India - Express Pharma
EMCURE.NS,Emcure Pharmaceuticals shares rise nearly 4% after Bain Capital divests 2% stake; everything you need to know - Upstox
ENGINERSIN.NS,What Is Engineers India Limited's (NSE:ENGINERSIN) Share Price Doing? - simplywall.st
ENGINERSIN.NS,Engineers India (ENGINERSIN) Q4 25/26 earnings summary - Quartr
ENGINERSIN.NS,"ENGINERSIN: Strong revenue and profit growth in FY26, with key risks from unbilled and doubtful receivables - TradingView"
ENGINERSIN.NS,Engineers India Limited (ENGINERSIN) stock price prediction 2026–2030 - Bitget
ENGINERSIN.NS,Will Weakness in Engineers India Limited's (NSE:ENGINERSIN) Stock Prove Temporary Given Strong Fundamentals? - simplywall.st
NYKAA.NS,Falguni Nayar's Nykaa is much more than a marketplace - Forbes India
NYKAA.NS,TirTir enters India's largest beauty platform Nykaa - The Korea Herald
NYKAA.NS,Nykaa shares rise 7% to hit 52-week high as firm targets over $5-bn GMV by FY30 - Moneycontrol.com
NYKAA.NS,"Stocks to buy in 2026 for long term: BSE, Nykaa among 5 stocks that could give 10-20% return - The Economic Times"
NYKAA.NS,Nykaa sets FY30 GMV target above $5bn - Retail Insight Network
FINCABLES.NS,Finolex Cables Limited (NSE:FINCABLES) Stock's Been Sliding But Fundamentals Look Decent: Will The Market Correct The Share Price In The Future? - simplywall.st
FINCABLES.NS,"FINCABLES: Q4 revenue surged 22% YoY, with strong growth in Wires & Cables and improved margins - TradingView"
FINCABLES.NS,Analysts Are Betting On Finolex Cables Limited (NSE:FINCABLES) With A Big Upgrade This Week - simplywall.st
FINCABLES.NS,"HOT STOCKS: SUPRIYA Hits All-Time High; ICIL, WOCKPHARMA, TMB Lead Gainers | IOLCP, APARINDS, INDIANB, PGIL Among Top Losers | AJANTPHARM, ANURAS Close Above 50-SMA; FINCABLES, JBCHEPHARM, TORNTPHARM Near Key Average - MarketSmith India"
FINCABLES.NS,Looking to buy? These 3 stocks deserve a spot in your portfolio; know why - Business Standard
GVT&D.NS,We Think GE Vernova T&D India's (NSE:GVT&D) Profit Is Only A Baseline For What They Can Achieve - simplywall.st
GVT&D.NS,GVT&D Stock Price and Chart — NSE:GVT&D - TradingView
GVT&D.NS,After Leaping 27% GE Vernova T&D India Limited (NSE:GVT&D) Shares Are Not Flying Under The Radar - simplywall.st
GVT&D.NS,"GE Vernova Q4 results: Net profit soars 89% YoY to ₹352 crore, revenue rises 42%; ₹10/share dividend recommended - Upstox"
GVT&D.NS,GVT&D: FY 25-26 revenue rose 45% with strong order growth and improved profitability - TradingView
GLAND.NS,Disruption of the Anterior Borders of the Mammary Gland on Ultrasound Does Not Always Indicate the Presence of Invasive Breast Cancer Components: A Case Report - Cureus
GLAND.NS,"Gland Pharma schedules analyst meeting on June 25, 2026 - scanx.trade"
GLAND.NS,Enhanced colorectal gland segmentation through multi-scale attention and contextual feature fusion - Nature
GLAND.NS,How H5N1 Bird Flu Infects Dairy Cow Mammary Glands - the-scientist.com
GLAND.NS,Imaging features of lacrimal gland disease - Frontiers
GRANULES.NS,"GRANULES Outlook for the Week (June 22, 2026 – June 26, 2026) - Equitypandit"
GRANULES.NS,"Glass frit and other glass (powder, granules, flakes) (HS: 320740) Product Trade, Exporters and Importers - The Observatory of Economic Complexity"
GRANULES.NS,U.S. FDA issues VAI classification to Granules arm Virginia facility - The Hindu
GRANULES.NS,Add Granules India Ltd for Target Rs.835 by Choice Institutional Equities - Investment Guru
GRANULES.NS,Granules Gets 4 USFDA Observations for US Facility - Medical Dialogues
HFCL.NS,HFCL shares slip 10% in two sessions after sharp 165% rally in 2026 - The Economic Times
HFCL.NS,Where Will HFCL be in Next 3 Years? - Equitymaster
HFCL.NS,"Stocks to watch, June 18: HFCL, Vedanta Aluminium, RVNL, DOMS Industries, BSE, GIC Re, liquor stocks - Upstox"
HFCL.NS,"Nearly 121x profit! HFCL promoter's Rs 10 Jio Platforms bet may yield a Rs 5,800 crore holding - Business Today"
HFCL.NS,"RVNL, HFCL shares jump after major order wins - MSN"
POWERINDIA.NS,"₹30,379 - That's What Analysts Think Hitachi Energy India Limited (NSE:POWERINDIA) Is Worth After These Results - simplywall.st"
POWERINDIA.NS,"POWERINDIA: Q4 FY26 delivered robust revenue and profit growth, with record orders and major new investments - TradingView"
POWERINDIA.NS,Hitachi Energy India (POWERINDIA) Q4 25/26 earnings summary - Quartr
POWERINDIA.NS,Hitachi Energy India Limited announces Q3FY26 results: Continued growth momentum with strong execution and a solid order backlog drives Q3 performance - Hitachi Energy
POWERINDIA.NS,"IND v AFG, 2nd ODI: Gill, Kishan tons power India to crushing 170-run victory over Afghanistan - Sportstar"
HONASA.NS,Honasa Consumer appoints Richa Gupta to lead e-commerce business - ET BrandEquity
HONASA.NS,Honasa appoints Richa Gupta as senior vice president for ecommerce - HR Katha
HONASA.NS,"Honasa Consumer is growing again, but can it keep margins intact? - The Indian Express"
HONASA.NS,Buy Honasa Consumer; target of Rs 500: ICICI Securities - Moneycontrol.com
HONASA.NS,Honasa delivers twice in a row - The Morning Context
IFCI.NS,"NSE files IPO DRHP: IFCI stock sees profit booking, falls up to 10% - Moneycontrol.com"
IFCI.NS,IFCI tanks 10% on huge volume after massive 102% surge from March low - Business Standard
IFCI.NS,IFCI shares slide over 10% after NSE IPO filing - MSN
IFCI.NS,"NSE IPO impact: New India Assurance, IFCI, NSDL, other stocks surge up to 14% as NSE files IPO papers with SEBI - Upstox"
IFCI.NS,"NSE files IPO DRHP: NIACL rises 26% in 6 sessions, IFCI gains 7% a day after profit booking - TradingView"
JBCHEPHARM.NS,There's A Lot To Like About J. B. Chemicals & Pharmaceuticals' (NSE:JBCHEPHARM) Upcoming ₹9.30 Dividend - simplywall.st
JBCHEPHARM.NS,"HOT STOCKS: SUPRIYA Hits All-Time High; ICIL, WOCKPHARMA, TMB Lead Gainers | IOLCP, APARINDS, INDIANB, PGIL Among Top Losers | AJANTPHARM, ANURAS Close Above 50-SMA; FINCABLES, JBCHEPHARM, TORNTPHARM Near Key Average - MarketSmith India"
JBCHEPHARM.NS,Buy JB Chemicals and Pharmaceuticals; target of Rs 2400: Prabhudas Lilladher - TradingView
JBCHEPHARM.NS,J. B. Chemicals & Pharmaceuticals Limited Just Missed Earnings - But Analysts Have Updated Their Models - simplywall.st
JBCHEPHARM.NS,J. B. Chemicals & Pharmaceuticals Limited's (NSE:JBCHEPHARM) Stock Is Going Strong: Is the Market Following Fundamentals? - simplywall.st
JBMA.NS,Here's Why We Think JBM Auto (NSE:JBMA) Is Well Worth Watching - simplywall.st
JBMA.NS,JBM Auto Unit Secures 7.50 Billion Rupees Investment - TradingView
JBMA.NS,"Stocks with price-volume breakout: Ajanta Pharma, JBMA, Manappuram Finance - Business Standard"
JBMA.NS,Stock Stories: How JBM Auto Is Benefiting from India’s Electric Mobility and Auto Manufacturing Expansion - MarketSmith India
JBMA.NS,"JBMA, Olectra Jump on Govt Push for 45,000 New E‑Buses - HDFC Sky"
J&KBANK.NS,J&K Bank Boosts Digital Push in Sonamarg - Rising Kashmir
J&KBANK.NS,J&K Bank opens easy banking unit in Poonch - Greater Kashmir
J&KBANK.NS,C Nubra hold meeting with Bank Managers of SBI Bank and J&K Bank Nubra. - Administration of Union Territory of Ladakh
J&KBANK.NS,"J&K Bank commissions Easy Banking Unit at Mankote, Poonch - Kashmir Indepth"
J&KBANK.NS,J&K Bank opens Easy Banking Unit at Mankote in Poonch - Daily Excelsior
JINDALSAW.NS,Here's What We Like About Jindal Saw's (NSE:JINDALSAW) Upcoming Dividend - simplywall.st
JINDALSAW.NS,"Jindal Saw Ltd to host investor meet on June 19, 2026 - scanx.trade"
JINDALSAW.NS,Jindal SAW: Integrated Stainless Steel Solutions from India to the World - Tube & Pipe India
JINDALSAW.NS,Up Sharp Today: Why Jindal Saw Shares Are Gaining Momentum - Equitymaster
JINDALSAW.NS,"Upcoming Dividend Stocks Next Week: L&T, Jindal SAW, Havells India in Focus - Groww"
KEI.NS,Honda Super-N uses lightweight kei platform for 70kW compact EV - Electric & Hybrid Vehicle Technology International
KEI.NS,"KEI INDUSTRIES LTD. Option Chain - Live KEI INDUSTRIES LTD. Option Chain Data, OI & Price - Upstox"
KEI.NS,"Polycab India, RR Kabel, KEI Industries: Why Kotak has 'Sell' rating on these three stocks - Business Today"
KEI.NS,DSM Kei Ninomiya Men’s Spring 2027: God Save Punk - WWD
KEI.NS,"Sunflower, DSM Kei Ninomiya and Simone Rocha bring fresh wave of creativity to Pitti Uomo - FashionNetwork India"
KPIL.NS,"Kalpataru Projects International Delivers Record Revenue, Profit and Order Book in FY 2025-26 - scanx.trade"
KPIL.NS,"KPIL AWARDED NEW ORDERS OF Rs 2,002 CRORES | India's first News Website on Projects Investment - ProjectsMonitor"
KPIL.NS,KPIL secures orders worth ₹2002 crore - Construction Week India
KPIL.NS,"KPIL bags new orders worth ₹2,002 crore across power T&D, buildings and railways segments - ET EnergyWorld"
KPIL.NS,KPIL SELLS VINDHYACHAL EXPRESSWAY STAKE - ICICI Direct
KIRLOSENG.NS,Kirloskar Oil Engines Announces Significant Order From Hypernext - TradingView
KIRLOSENG.NS,Kirloskar Oil Engines Share Surges 20%; 192 MW Data Centre Order from HyperNext Ignites Upper Circuit Rally - HDFC Sky
KIRLOSENG.NS,Kirloskar Oil Engines' (NSE:KIRLOSENG) five-year earnings growth trails the fantastic shareholder returns - simplywall.st
KIRLOSENG.NS,What Kirloskar Oil Engines Limited's (NSE:KIRLOSENG) 28% Share Price Gain Is Not Telling You - simplywall.st
KIRLOSENG.NS,"KIRLOSENG: Record FY26 revenue and profit growth, with strong B2B, B2C, and financial services performance - TradingView"
KIMS.NS,"KIMS RENOVA Oncology Institute Inaugurated at KIMS Hospitals, Mahadevapura, Bengaluru - The Indian Practitioner"
KIMS.NS,From gelato to tailored suits: Kim Woo-bin's candid Milan photos leave fans swooning - The Korea Times
KIMS.NS,"North Korea's Kim says country will exercise its position as nuclear state, KCNA reports​​ - Reuters"
KIMS.NS,'Goal of overtaking the world': Kim Jong-un calls for major expansion of North Korea's nuclear arsenal - The Times of India
KIMS.NS,North Korea’s Kim says ‘defeated’ Japan transforming into a ‘war state’ - South China Morning Post
LAURUSLABS.NS,"LAURUSLABS Outlook for the Week (June 22, 2026 – June 26, 2026) - Equitypandit"
LAURUSLABS.NS,How The Laurus Labs (NSEI:LAURUSLABS) Investment Story Is Evolving With A Steady Price Target - Yahoo Finance
LAURUSLABS.NS,"August MSCI Rejig Could Trigger Over Rs 30,000 Crore Inflows Into India; Laurus Labs, Biocon Lead Race - NDTV Profit"
LAURUSLABS.NS,"Laurus Labs, Biocon, Ather Energy, Lenskart among probable MSCI India Standard Index inclusion candidates, - The Economic Times"
LAURUSLABS.NS,Laurus Labs Limited (NSE:LAURUSLABS) Goes Ex-Dividend Soon - simplywall.st
LLOYDSME.NS,"Lloyds Metals & Energy Ltd Share Price Today,, LLOYDMETAL Stock Price NSE, BSE - Business Today"
LLOYDSME.NS,Lloyds Metals and Energy (NSE:LLOYDSME) Shareholders Should Be Cautious Despite Solid Earnings - simplywall.st
LLOYDSME.NS,Lloyds Metals And Energy Q3 Results - Mint
LLOYDSME.NS,"Nifty Metal gains 3%; Tata Steel, JSW, LloydsME jump up to 7%: Here's why - Business Standard"
LLOYDSME.NS,Lloyds Metals And Energy Q2 Results - Mint
MMTC.NS,"Gold imports fall 75% to 25-30 MT a month after duty hike; banks no longer designated importers, says... - Moneycontrol.com"
MMTC.NS,ED files chargesheet in Rs 549 crore MMTC gold scam in Telangana - The New Indian Express
MMTC.NS,Post of Director (Personnel) in MMTC Limited Advertised - Whispers In The Corridors
MMTC.NS,"MMTC-PAMP launches buyback offer for silver coins, bars, jewellery - BusinessLine"
MMTC.NS,POST OF DIRECTOR PERSONNEL ADVERTISED IN MMTC - IndianMandarins
NAVINFLUOR.NS,"NAVINFLUOR Outlook for the Week (June 22, 2026 – June 26, 2026) - Equitypandit"
NAVINFLUOR.NS,"Navin Fluorine International Limited (NSE:NAVINFLUOR) Passed Our Checks, And It's About To Pay A ₹8.60 Dividend - simplywall.st"
NAVINFLUOR.NS,"NAVINFLUOR: Strong revenue and profit growth, with QIP funds fully utilized and new labor code impact recognized - TradingView"
NAVINFLUOR.NS,Navin Fluorine International Limited's (NSE:NAVINFLUOR) Stock Has Seen Strong Momentum: Does That Call For Deeper Study Of Its Financial Prospects? - simplywall.st
NAVINFLUOR.NS,"Navin Fluorine Shares Hit ₹5,819 on 152% YoY Profit Surge in Q2FY26 - HDFC Sky"
NETWEB.NS,"Netweb, Orient Tech, E2E Networks shares decline up to 3% amid global AI selloff; Black Box bucks trend - Moneycontrol.com"
NETWEB.NS,3 Indian AI Stocks With Earnings Growth And P E Watch - simplywall.st
NETWEB.NS,"Netweb Technologies shares jump 15% on AI push, rating upgrade - MSN"
NETWEB.NS,Where Will Netweb Technologies Share Price be in the Next 3 Years? - Equitymaster
NETWEB.NS,Netweb Technologies to meet Blackrock on June 23 - scanx.trade
NAM-INDIA.NS,"HOT STOCKS: CCL, THYROCARE Trade Above Pivot; NRBBEARING, SFL, CARTRADE Lead Gainers | TATASTEEL Slips Below 100-DMA; ITDC, CGPOWER, ARTEMISMED Among Top Losers | CCL Closes Above 50-SMA; NAM-INDIA, POWERINDIA, MED - MarketSmith India"
NAM-INDIA.NS,NAM-India stock hits 52-week high on strong Q4 earnings - BusinessLine
NAM-INDIA.NS,Joint Statement on Enhanced Comprehensive Strategic Partnership between the Republic of India and the Socialist Republic of Vietnam - PM India
NAM-INDIA.NS,Nippon Life India Asset Management (NSE:NAM-INDIA) Ticks All The Boxes When It Comes To Earnings Growth - simplywall.st
NAM-INDIA.NS,"Việt Nam, India upgrade relations to ‘Enhanced Comprehensive Strategic Partnership’ - vietnamnews.vn"
NUVAMA.NS,PAG weighs restart on Nuvama Wealth stake sale – report - Private Banker International
NUVAMA.NS,PAG exploring relaunch of stake sale in Nuvama Wealth Management - Moneycontrol.com
NUVAMA.NS,"Aurobindo Pharma shares up 25% in 2026: Nuvama says 'Buy', ups target price; here's why - Business Today"
NUVAMA.NS,"Grapevine: Meta, Cred, Nuvama, PAG, Zypp in news - VCCircle"
NUVAMA.NS,Nuvama Mutual Fund Receives Final SEBI Approval - Hubbis
OLECTRA.NS,"Stocks to buy: Sagar Doshi suggests Olectra Greentech, Gail, HAL shares to buy - Mint"
OLECTRA.NS,"Olectra Green Targets 2,500 Vehicles In FY27, Prepares New Bus And Truck Platforms - Saur Energy"
OLECTRA.NS,"Olectra Greentech plans a major move in the CV industry by end FY27; eyes 2,500 e-bus sales this fiscal - ET Auto"
OLECTRA.NS,Beyond Buses: Behind Olectra's Planned Expansion into Electric Trucks and Advanced Vehicle Software - Autocar Professional
OLECTRA.NS,Olectra Greentech management to attend non-deal roadshow on Jun 24-25 - scanx.trade
OFSS.NS,OFSS among top 4 midcap stocks that saw highest mutual fund selling in May - The Economic Times
OFSS.NS,Oracle Financial Services Software Q2 Results - Mint
OFSS.NS,OFSS Bihar Merit List 2026 Out - Check the Intermediate Cut-Off List Here - Careers360
OFSS.NS,Why It Might Not Make Sense To Buy Oracle Financial Services Software Limited (NSE:OFSS) For Its Upcoming Dividend - simplywall.st
OFSS.NS,"Buy Oracle Financial Services Software; target of Rs 10,890: Choice Institutional Equities - TradingView"
POLYCAB.NS,Polycab India to host analyst meet on June 25 - scanx.trade
POLYCAB.NS,"​Polycab India - Kirloskar Oil Engines among 5 capital goods stocks hit 52-week highs, rally up to 45% in a month - The Economic Times"
POLYCAB.NS,ELP acts on Polycab’s investment in Continuum Green Energy for captive consumption - Bar and Bench
POLYCAB.NS,Polycab (POLYCAB) Corporate Presentation Summary - Quartr
POLYCAB.NS,"Polycab India, RR Kabel, KEI Industries: Why Kotak has 'Sell' rating on these three stocks - Business Today"
RRKABEL.NS,Number of shareholders of RR Kabel Ltd. – NSE:RRKABEL - TradingView
RRKABEL.NS,"Polycab India, RR Kabel, KEI Industries: Why Kotak has 'Sell' rating on these three stocks - Business Today"
RRKABEL.NS,RR Kabel share price jumps 7% to 52-week high; analysts predict sectoral tailwinds ahead - Upstox
RRKABEL.NS,RR Kabel zooms 82% thus far in FY27; Motilal Oswal sees more upside - Business Standard
RRKABEL.NS,RR Kabel Share Price In Focus As Motilal Oswal Upgrades Stock — Check Target Price - NDTV Profit
RBLBANK.NS,"🇮🇳 ""This is much more than the acquisition of a bank. This is about a long-term commitment to India."" Emirates NBD Group CEO Shayne Nelson said India occupies a unique place in the bank's global strategy, describing the country as ""one of the most importa - LinkedIn"
RBLBANK.NS,Emirates NBD completes acquisition of majority stake in RBL Bank - ETLegalWorld.com
RBLBANK.NS,Emirates NBD completes investment in RBL Bank - IBS Intelligence
RBLBANK.NS,"RBL Bank holds investor meets with Citigroup, Abakkus - scanx.trade"
RBLBANK.NS,Emirates NBD takes control of RBL Bank after securing 60% stake - EnterpriseAM
SAILIFE.NS,"Sai Life Sciences Achieves EcoVadis Platinum Rating, Joining the Top 1% of Companies Assessed Worldwide - Business Wire"
SAILIFE.NS,Press Release Distribution India - Business Wire India
SAILIFE.NS,Sai Life Sciences (NSE:SAILIFE) Posted Healthy Earnings But There Are Some Other Factors To Be Aware Of - simplywall.st
SAILIFE.NS,Sai Life Sciences plans to recruit 700+ professionals in FY27 as Indian CRDMO demand accelerates - drugdiscoverytrends.com
SAILIFE.NS,"SAILIFE: Strong revenue and profit growth in FY26, with full utilization of IPO proceeds - TradingView"
SAREGAMA.NS,Sarala Real Estate discloses no encumbrance on Saregama shares in FY26 - scanx.trade
SAREGAMA.NS,Quest Capital holds 93.49 lakh shares in Saregama India - scanx.trade
SAREGAMA.NS,No value should be assigned to purely AI generated content: Saregama to streaming platforms - MediaNama
SAREGAMA.NS,"After Years Of Takedowns, MadStarBase's Edits Receive Saregama's Backing - thewildcity.com"
SAREGAMA.NS,Khaitan & Co Represents Saregama India In Copyright Proceedings Against Ilaiyaraja - LawBeat
SCHNEIDER.NS,"Schneider Electric Advances Open, Software-Defined Automation at Automate 2026 - PR Newswire"
SCHNEIDER.NS,Broad-Based Technical Strength Lifts Schneider Electric Infrastructure Ltd to 52-Week High of Rs 1440.05 - MarketsMojo
SCHNEIDER.NS,A dispute over a prized Star Wars Lego collection led to a YouTube crusade. Then came the stalking charges in Utah. - The Salt Lake Tribune
SCHNEIDER.NS,Schneider Electric sees India data center business outpacing core growth on AI boom - Reuters
SCHNEIDER.NS,A.I. Doesn’t Have to Mean Layoffs - The New York Times
SCI.NS,‘Klara and the Sun’ trailer: Jenna Ortega is an AI companion in Taika Waititi’s upcoming sci-fi - The Hindu
SCI.NS,Introducing LifeSciBench - OpenAI
SCI.NS,China's Sci-Fi Industry: A New Era of Innovation and Integration - Alwihda Info
SCI.NS,"Spielberg's ""Disclosure Day"" Is a Stunning Sci-Fi Epic Trapped by its Own Beliefs - Cinemasters"
SCI.NS,This Netflix Sci-Fi Series From The Creators Of Stranger Things Was Canceled Too Soon - bgr.com
ENRIN.NS,Siemens Energy India (NSE:ENRIN) Ticks All The Boxes When It Comes To Earnings Growth - simplywall.st
ENRIN.NS,ENRIN Stock Price and Chart — NSE:ENRIN - TradingView
ENRIN.NS,SIEMENS ENERGY INDIA LTD Share Price Today - Live ENRIN Stock Price for NSE/BSE - Upstox
ENRIN.NS,Enrin Suzuki (鈴木 媛琳) | Meditation on the Sea and Loss / Devoted Husband (2023) | For Sale - Artsy
ENRIN.NS,Siemens Energy India Ltd | Stock Share Price Live - MarketSmith India
SIEMENS.NS,Siemens brings digital intelligence to fire safety - Siemens press
SIEMENS.NS,Accenture to Strengthen Capabilities for Software and Automation Solutions from Siemens Digital Industries with Acquisition of Industries eXcellence Group - Accenture
SIEMENS.NS,Siemens to deliver 61 battery-powered trains to Westphalia - Railway PRO
SIEMENS.NS,Siemens secures service contract for 61 Mireo BEMUs in Westphalia - Railvolution
SIEMENS.NS,Siemens adds ladder programming to Simatic AX LCE - Engineering.com
SOLARINDS.NS,"With 73% ownership, Solar Industries India Limited (NSE:SOLARINDS) insiders have a lot at stake - simplywall.st"
SOLARINDS.NS,"SOLARINDS: Strong revenue and profit growth, dividend hike, and major acquisition drive FY26 results - TradingView"
SOLARINDS.NS,Solar Industries India Ltd Share Price Rise Over 4% On Strong Momentum In Defence - HDFC Sky
SOLARINDS.NS,Solar Industries India's (NSE:SOLARINDS) Promising Earnings May Rest On Soft Foundations - simplywall.st
SOLARINDS.NS,Solar Industries India Limited (SOLARINDS) stock price prediction 2026–2030 - Bitget
SONACOMS.NS,One Day Left To Buy Sona BLW Precision Forgings Limited (NSE:SONACOMS) Before The Ex-Dividend Date - simplywall.st
SONACOMS.NS,Neutral SONA BLW Precision Forging; target of Rs 546: Motilal Oswal - Moneycontrol.com
SONACOMS.NS,Stock of the day : Sona Blw Precision Forgings Ltd by Target Rs. 365 - Religare Broking Ltd - Investment Guru
SONACOMS.NS,"Sona Comstar Q2 Profit Up 20% to ₹1,728 Cr - HDFC Sky"
SONACOMS.NS,"Sona BLW Q4 Results: Profit rises 17%, misses estimates; margins contract - CNBC TV18"
STARHEALTH.NS,"HOT STOCKS: CARYSIL Hits All-Time High; NIACL, KPRMILL, STARHEALTH, ICIL Lead Gainers; CENTUM, VBL, NBCC, APARINDS Among Top Losers While BEL, DMART, LUPIN Climb Above 50-SMA - MarketSmith India"
STARHEALTH.NS,Star Health reports 414% YoY Ind AS Profit growth to ₹449 Cr for Q3 FY26 - PR Newswire
STARHEALTH.NS,"New India Assurance, Star Health, CDSL surge amid spike in trading activity; check full list - Upstox"
STARHEALTH.NS,"Star Health aims Gross Written Premium of Rs 24,000 crore in FY27: MD - ET HealthWorld"
STARHEALTH.NS,Star Health to host analyst meet on June 24 in Mumbai - scanx.trade
SYRMA.NS,"Syrma SGS, Kaga Electronics to form manufacturing JV with focus on Japanese clients - The Economic Times"
SYRMA.NS,Syrma SGS shares jump 6% to record high on entering JV pact to develop EMS manufacturing facility for Japanese clients - Upstox
SYRMA.NS,Syrma SGS Tech shares rise 3% on announcing JV with Japanese firm for EMS facility - Moneycontrol.com
SYRMA.NS,Syrma SGS Hits Record High on Kaga Electronics JV - Equitypandit
SYRMA.NS,"Syrma SGS zooms 100% from March low; should you buy, hold or sell? - Business Standard"
TEJASNET.NS,TEJAS NETWORKS LIMITED Share Price Today - Live TEJASNET Stock Price for NSE/BSE - Upstox
TEJASNET.NS,"Tejas Networks shares rise 19%, extend four-day rally to 32%: Here's why - TradingView"
TEJASNET.NS,"Tejas Networks Share Price Jump 13.80% To ₹496 In Early Trade, Extend Rally After 5G Massive MIMO Deal - HDFC Sky"
TEJASNET.NS,Union Minister for Communications launches Tejas Networks' hyper-scalable Data Center Interconnect (DCI) platform at Mobile World Congress | Corporate - EQS News
TEJASNET.NS,"Tejas Networks Ltd. Share Price, Stock Price - NSE/BSE Live - NDTV Profit"
NIACL.NS,NIACL sees profit booking after rallying 45% in 8 sessions as NSE files IPO DRHP - Moneycontrol.com
NIACL.NS,"IDBI Bank, Tata Capital, NIACL: Stocks to trade— Key levels, support, resistance & more - Business Today"
NIACL.NS,"NOCIL Jumps 20%; NIACL, RBA Among Most Active Equities on June 22, 2026 - HDFC Sky"
NIACL.NS,"HOT STOCKS: BERGEPAINT Climbs Above 21-DMA; GARFIBRES, NIACL, VENUSPIPES Lead Gainers; CARYSIL, KPRMILL, ICIL Among Top Losers While IPCALAB Crosses Above 50-SMA - MarketSmith India"
NIACL.NS,"NSE files IPO DRHP: NIACL rises 26% in 6 sessions, IFCI gains 7% a day after profit booking - TradingView"
THERMAX.NS,Thermax: Driving Energy Efficiency and Sustainability in Textile Manufacturing - The Textile Magazine
THERMAX.NS,Kavita Singh moves from UB to Thermax Group as group CHRO - HR Katha
THERMAX.NS,Thermax ties up with Ankur Scientific to set up India’s first green methanol plant at Deendayal Port - ET EnergyWorld
THERMAX.NS,"QBE Insurance, Thermax, ADM Group, MedGenome announce M&A deals - VCCircle"
THERMAX.NS,"NCLT Approves Merger Of Buildtech Products India With Thermax, Terms Scheme Fair And Reasonable - LiveLawBiz"
TRITURBINE.NS,Insiders were the biggest winners as Triveni Turbine Limited's (NSE:TRITURBINE) market cap grew by ₹13b last week - simplywall.st
TRITURBINE.NS,Triveni Turbine (TRITURBINE) Q4 24/25 earnings summary - Quartr
TRITURBINE.NS,Triveni Turbine's (NSE:TRITURBINE) Shareholders Have More To Worry About Than Only Soft Earnings - simplywall.st
TRITURBINE.NS,Triveni Turbine March-Quarter Consol Net Profit 1.02 Billion Rupees - TradingView
TRITURBINE.NS,Triveni Turbine Q4 Results 2026 - Find Triveni Turbine Q4 Earnings Result | TRITURBINE Q4 results - Mint
TIINDIA.NS,Tube Investments Of India (NSEI:TIINDIA) Stock Faces Mixed Analyst Target Changes - Yahoo Finance
TIINDIA.NS,Tube Investments of India (NSE:TIINDIA) Will Pay A Dividend Of ₹2.00 - simplywall.st
TIINDIA.NS,"TIINDIA: Strong FY26 growth, robust cash flow, and strategic investments drive expansion - TradingView"
TIINDIA.NS,"Stocks to buy: Analyst recommends Avalon, Krishna Defence, TI India - Business Standard"
TIINDIA.NS,Tube Investments of India Limited (TIINDIA) stock price prediction 2026–2030 - Bitget
VTL.NS,Vardhman Textiles (NSE:VTL) Is Looking To Continue Growing Its Returns On Capital - simplywall.st
VTL.NS,"Sundaram Finance, HSCL, VTL form 'Golden Cross' on charts; what lies ahead? - Business Standard"
VTL.NS,VTL Group boosts output by 10% with Coats Digital's GSDCost solution - Fibre2Fashion
VTL.NS,AZB & Partners Is Advising BCL And VTL On Merger - BW Legal World
VTL.NS,VTL Group boosts output with GSDCost - Knitting Industry
VIJAYA.NS,NCW Chairperson Vijaya Rahatkar stresses awareness of women protection laws at Akashvani workshop in New Delhi - News On AIR
VIJAYA.NS,National Human Rights Commission - NHRC
VIJAYA.NS,"ICAR-CIARI, Sri Vijaya Puram Organises Awareness Programme on Balanced Use of Fertilizers and Organic Manures - Indian Council Of Agricultural Research"
VIJAYA.NS,"National Technology Day Observed at TGCE, Sri Vijaya Puram - ANDAMAN SHEEKHA"
VIJAYA.NS,"32,000 women abandoned by NRI husbands in Punjab in last many years: NCW Chairperson Vijaya Rahatkar - News On AIR"
IDEA.NS,The Guardian view on nicotine: we shouldn’t buy the idea of addiction without harm | Editorial - The Guardian
IDEA.NS,"AMFI categorisation: BSE, Vodafone Idea may enter large-cap; Lodha, Indian Hotels could slip to mid-cap - Moneycontrol.com"
IDEA.NS,"Stocks To Watch Today: JSW Infrastructure, Bharat Electronics, Vodafone Idea, Info Edge & More - NDTV Profit"
IDEA.NS,"Stocks to watch: TCS, BEL, Vodafone Idea among shares in focus today; check list here - Mint"
IDEA.NS,"Cross-voting row: Vijayendra faces heat over Dharmasthala 'truth test' idea, Nitin Nabin to meet state BJP leaders - Deccan Herald"
WELCORP.NS,"Welspun Corp arm to set up manufacturing units in multiple states with ₹2,355-crore investment - Upstox"
WELCORP.NS,"WELCORP: FY26 revenue grew to Rs. 16,770.14 crore; net profit reached Rs. 1,620.49 crore; Rs. 5 dividend proposed - TradingView"
WELCORP.NS,Welspun Corp Shares Rise 4% After Q2FY26 Profit Jumps 53% YoY - HDFC Sky
WELCORP.NS,Welspun Corp - 10 Nifty500 stocks with upside potential of up to 50%. Do you own any? - The Economic Times
WELCORP.NS,India's Welspun Corp gains after Nuvama starts with 'buy' rating - TradingView
WOCKPHARMA.NS,Investing in Wockhardt (NSE:WOCKPHARMA) three years ago would have delivered you a 611% gain - simplywall.st
WOCKPHARMA.NS,"WOCKPHARMA: Zaynich's global launch marks a new growth era, targeting $1.5–2 billion peak annual sales - TradingView"
WOCKPHARMA.NS,"HOT STOCKS: SUPRIYA Hits All-Time High; ICIL, WOCKPHARMA, TMB Lead Gainers | IOLCP, APARINDS, INDIANB, PGIL Among Top Losers | AJANTPHARM, ANURAS Close Above 50-SMA; FINCABLES, JBCHEPHARM, TORNTPHARM Near Key Average - MarketSmith India"
WOCKPHARMA.NS,Wockhardt's (NSE:WOCKPHARMA) Strong Earnings Are Of Good Quality - simplywall.st
WOCKPHARMA.NS,"Wockhardt shares surge over 19% in four sessions, here is why - Upstox"
ZENTEC.NS,The Return Trends At Zen Technologies (NSE:ZENTEC) Look Promising - simplywall.st
ZENTEC.NS,"ZENTEC: Order book reached INR 1,427 crores; execution target set at INR 4,000 crores over two years - TradingView"
ZENTEC.NS,Zen Technologies shares rally nearly 10% as firm bags order worth ₹404 crore from defence ministry - Upstox
ZENTEC.NS,Zen Technologies Limited's (NSE:ZENTEC) Stock Is Going Strong: Have Financials A Role To Play? - simplywall.st
ZENTEC.NS,Zen Technologies Limited (ZENTEC) stock price prediction 2026–2030 - Bitget
ZYDUSLIFE.NS,"ZYDUSLIFE Outlook for the Week (June 22, 2026 – June 26, 2026) - Equitypandit"
ZYDUSLIFE.NS,Zydus Lifesciences Limited Bonds — Corporate Bond Rates - TradingView
ZYDUSLIFE.NS,Owning 75% in Zydus Lifesciences Limited (NSE:ZYDUSLIFE) means that insiders are heavily invested in the company's future - simplywall.st
ZYDUSLIFE.NS,"Zydus Life ends higher after Q4 PAT rises 9% YoY; board approves Rs 1,100 cr buyback - Business Standard"
ZYDUSLIFE.NS,"Zydus Life shares jump up to 5% after Q3 revenue rises 30% to Rs 6,865 crore - Moneycontrol.com"
ZYDUSWELL.NS,Number of shareholders of Zydus Wellness Limited – NSE:ZYDUSWELL - TradingView
ZYDUSWELL.NS,Zydus Wellness Share Price Today - Live NSE/BSE - ICICI Direct
ZYDUSWELL.NS,Subdued Growth No Barrier To Zydus Wellness Limited (NSE:ZYDUSWELL) With Shares Advancing 26% - simplywall.st
ZYDUSWELL.NS,"ZYDUSWELL: Significant revenue and profit growth achieved, with major acquisitions and a final dividend proposed - TradingView"
ZYDUSWELL.NS,Zydus Wellness Trades Ex-Split After 5-for-1 Stock Split - HDFC Sky
